,1:distance importance,field num,in age field num,in age avg rank,in age follower num,out age follower num,trans field follower num,in age compete
1:distance importance,1.0,0.21905726929128758,0.47552798709056315,-0.16724839116593346,-0.2763713497472838,-0.4013938598825939,-0.5462603063449999,0.5651182622803844
field num,0.21905726929128758,1.0,0.3442128442614514,0.7442630508949698,0.09654108631240545,-0.030525117139087943,-0.1812594275986776,0.33499106457186517
in age field num,0.47552798709056315,0.3442128442614514,1.0,0.10434777417608053,-0.15532943540149022,-0.1785137110001951,-0.3210171053433253,0.5238516634042835
in age avg rank,-0.16724839116593346,0.7442630508949698,0.10434777417608053,1.0,0.26411127633422005,0.026935227298965452,0.008185630387228885,0.19976912847588768
in age follower num,-0.2763713497472838,0.09654108631240545,-0.15532943540149022,0.26411127633422005,1.0,0.515663094352217,0.4807295758578743,-0.1403092641460446
out age follower num,-0.4013938598825939,-0.030525117139087943,-0.1785137110001951,0.026935227298965452,0.515663094352217,1.0,0.5561977480238767,-0.2985742560367833
trans field follower num,-0.5462603063449999,-0.1812594275986776,-0.3210171053433253,0.008185630387228885,0.4807295758578743,0.5561977480238767,1.0,-0.5065529636116348
in age compete,0.5651182622803844,0.33499106457186517,0.5238516634042835,0.19976912847588768,-0.1403092641460446,-0.2985742560367833,-0.5065529636116348,1.0
